{
  "accuracy": 0.7778298570424186,
  "precision": 0.8867747972551466,
  "recall": 0.8293465577596266,
  "f1": 0.8570997889659331,
  "roc_auc": 0.781292462132644
}