{
  "model": "RandomForestClassifier",
  "class_weight": "balanced",
  "random_state": 42,
  "n_features": 51,
  "train_shape": [
    48292,
    58
  ],
  "test_shape": [
    21795,
    58
  ],
  "accuracy": 0.8178940123881624,
  "precision": 0.8538156852389754,
  "recall": 0.9308498387839705,
  "f1_score": 0.8906701925460706,
  "roc_auc": 0.8071348809912624,
  "confusion_matrix": [
    [
      1659,
      2768
    ],
    [
      1201,
      16167
    ]
  ]
}