{
  "model": "LSTM",
  "random_state": 42,
  "batch_size": 64,
  "epochs": 20,
  "learning_rate": 0.001,
  "hidden_size": 128,
  "train_shape": [
    9561,
    30,
    51
  ],
  "test_shape": [
    4315,
    30,
    51
  ],
  "accuracy": 0.7640787949015063,
  "precision": 0.875154130702836,
  "recall": 0.8224217844727694,
  "f1": 0.8479689366786141,
  "roc_auc": 0.7712267159347395,
  "confusion_matrix": [
    [
      458,
      405
    ],
    [
      613,
      2839
    ]
  ]
}