{
  "model": "XGBClassifier",
  "train_strategy": "balanced_undersampling",
  "random_state": 42,
  "n_features": 51,
  "train_shape": [
    18302,
    58
  ],
  "test_shape": [
    21795,
    58
  ],
  "accuracy": 0.7849965588437715,
  "precision": 0.8914680824793184,
  "recall": 0.8314140948871488,
  "f1_score": 0.860394446761604,
  "roc_auc": 0.8356771518040182,
  "confusion_matrix": [
    [
      2669,
      1758
    ],
    [
      2928,
      14440
    ]
  ]
}