{
  "accuracy": 0.758053302433372,
  "precision": 0.886392811296534,
  "recall": 0.8001158748551565,
  "f1": 0.841047503045067,
  "roc_auc": 0.757313844964009
}