{
  "model": "RandomForestClassifier",
  "train_strategy": "balanced_undersampling",
  "random_state": 42,
  "n_features": 51,
  "train_shape": [
    18302,
    58
  ],
  "test_shape": [
    21795,
    58
  ],
  "accuracy": 0.8098646478550127,
  "precision": 0.8621426224120933,
  "recall": 0.9063219714417319,
  "f1_score": 0.8836804580924045,
  "roc_auc": 0.8144496635995961,
  "confusion_matrix": [
    [
      1910,
      2517
    ],
    [
      1627,
      15741
    ]
  ]
}