{
  "model": "BiLSTM",
  "random_state": 42,
  "batch_size": 64,
  "epochs": 20,
  "learning_rate": 0.001,
  "hidden_size": 128,
  "train_shape": [
    9561,
    30,
    51
  ],
  "test_shape": [
    4315,
    30,
    51
  ],
  "accuracy": 0.7823870220162225,
  "precision": 0.8831960963708447,
  "recall": 0.8389339513325609,
  "f1": 0.8604962115584609,
  "roc_auc": 0.7825706695633143,
  "confusion_matrix": [
    [
      480,
      383
    ],
    [
      556,
      2896
    ]
  ]
}