{
  "model": "BiLSTM",
  "random_state": 42,
  "batch_size": 64,
  "epochs": 20,
  "learning_rate": 0.001,
  "hidden_size": 128,
  "train_shape": [
    3456,
    60,
    51
  ],
  "test_shape": [
    4267,
    60,
    51
  ],
  "accuracy": 0.7515819076634638,
  "precision": 0.8829236739974127,
  "recall": 0.7963827304550758,
  "f1": 0.8374233128834356,
  "roc_auc": 0.7598433916578469,
  "confusion_matrix": [
    [
      477,
      362
    ],
    [
      698,
      2730
    ]
  ]
}