{
  "model": "LogisticRegression",
  "train_strategy": "balanced_undersampling",
  "random_state": 42,
  "n_features": 51,
  "train_shape": [
    18302,
    58
  ],
  "test_shape": [
    21795,
    58
  ],
  "accuracy": 0.6605184675384262,
  "precision": 0.8628521511246997,
  "recall": 0.6824619990787656,
  "f1_score": 0.7621282751969137,
  "roc_auc": 0.6958889340222788,
  "confusion_matrix": [
    [
      2543,
      1884
    ],
    [
      5515,
      11853
    ]
  ]
}