{
  "model": "BiLSTM",
  "random_state": 42,
  "batch_size": 64,
  "epochs": 20,
  "learning_rate": 0.001,
  "hidden_size": 128,
  "train_shape": [
    9453,
    60,
    55
  ],
  "test_shape": [
    4267,
    60,
    55
  ],
  "accuracy": 0.7745488633700492,
  "precision": 0.887248743718593,
  "recall": 0.824095682613769,
  "f1": 0.8545069570477919,
  "roc_auc": 0.7523314622758939,
  "confusion_matrix": [
    [
      480,
      359
    ],
    [
      603,
      2825
    ]
  ]
}